PassengerID,Name,Nationality,FrequentFlyerStatus
P00000,Michael Stephens,Honduras,Platinum
P00001,Sara Jones,Trinidad and Tobago,Gold
P00002,Eric Graham,Italy,Silver
P00003,John Carlson,Ghana,Silver
P00004,Jeanne Green,New Caledonia,Platinum
P00005,Julie Barrera,South Africa,Gold
P00006,Melissa Harris,Guadeloupe,Platinum
P00007,Rachel Moore,Denmark,Platinum
P00008,Joseph Wilson,Greenland,Gold
P00009,Mary Smith,Lithuania,None
P00010,Stephanie Golden,Cameroon,Gold
P00011,Mariah Price,Mali,None
P00012,Brittany Vazquez,Saint Helena,Platinum
P00013,Bob Stevenson,Saint Pierre and Miquelon,Gold
P00014,Brandy Gill,Tanzania,Silver
P00015,Mr. Michael Garza,Anguilla,Silver
P00016,Sarah Anderson,Saint Vincent and the Grenadines,None
P00017,Paul Poole,Liberia,Gold
P00018,Kristopher Hale,Sri Lanka,None
P00019,Daniel West,Burundi,Silver
P00020,Megan Baxter,Afghanistan,Gold
P00021,Shane Bradley,Belize,Silver
P00022,Michelle Martin,Monaco,Gold
P00023,Michael Griffin,Thailand,Platinum
P00024,Susan Munoz,Andorra,None
P00025,Andrew Nguyen,Timor-Leste,None
P00026,Amber Carson,Burundi,Silver
P00027,Jennifer Dunn,Serbia,Silver
P00028,Veronica Monroe,Tunisia,None
P00029,Adrian Herring,Bouvet Island (Bouvetoya),None
P00030,Aaron Smith,Azerbaijan,None
P00031,Veronica Lowe,Gibraltar,None
P00032,Cheryl Franklin,United States of America,Silver
P00033,Eric Barker,Georgia,None
P00034,John Livingston,Papua New Guinea,Platinum
P00035,Alison Sloan,Congo,None
P00036,Ashley Scott,Seychelles,Gold
P00037,Ruth Newman,Bahrain,None
P00038,Christopher York,Peru,None
P00039,Daniel Green,Australia,None
P00040,Jacob Bradley,Senegal,Silver
P00041,Sarah Ali,Denmark,Silver
P00042,Kathleen Schneider,Saint Martin,None
P00043,Jeffrey Savage,Christmas Island,Platinum
P00044,James Carter,Ukraine,Silver
P00045,Devon Morgan,Slovenia,None
P00046,Brandon Chan,Guyana,None
P00047,Derrick Hernandez,Zimbabwe,Platinum
P00048,Heather Hays,Hungary,None
P00049,Brian Cross,Pakistan,Gold
P00050,Elizabeth Vincent,Zambia,None
P00051,Elizabeth Houston,Marshall Islands,Silver
P00052,Brian Hoffman,Niger,None
P00053,Mr. Robert Burnett,Philippines,Gold
P00054,Brian Jimenez,Heard Island and McDonald Islands,Gold
P00055,George Mcdaniel,Ukraine,Platinum
P00056,Christopher Cunningham,Italy,Silver
P00057,Wendy Miller,Cote d'Ivoire,None
P00058,Christina Walker,India,Platinum
P00059,Brent Hawkins,Saint Helena,None
P00060,Thomas Kramer,Armenia,None
P00061,Claudia Miller,Nepal,Platinum
P00062,Zachary Richards,Saint Pierre and Miquelon,Silver
P00063,Corey Wilson,Czech Republic,Gold
P00064,Sarah Johnson,Montenegro,Gold
P00065,Nicole Harris,Albania,Platinum
P00066,David Davidson DVM,Turks and Caicos Islands,Silver
P00067,Loretta Garcia,Kiribati,Silver
P00068,Isaiah Wilcox,Saint Pierre and Miquelon,None
P00069,Kyle Freeman,Algeria,Silver
P00070,Margaret Henderson,Israel,Silver
P00071,Meghan Barron,Cape Verde,Gold
P00072,Yvette Reid,Singapore,Gold
P00073,Kimberly Velazquez,Cook Islands,None
P00074,Michael Burgess,Bahrain,Platinum
P00075,Frank Warren,Mozambique,Silver
P00076,Lindsey Moore,North Macedonia,None
P00077,Edward Mccarthy,Bulgaria,Platinum
P00078,Robert Black,Venezuela,Platinum
P00079,Andrea Anderson,United States Minor Outlying Islands,Gold
P00080,Peter West,Uganda,Gold
P00081,Rebecca Melton,Solomon Islands,Platinum
P00082,Jacob Reyes,Ghana,Gold
P00083,Amanda Davis,Sao Tome and Principe,Silver
P00084,Kelly Greene,Fiji,None
P00085,Jeffery Fischer,Turks and Caicos Islands,Platinum
P00086,Steven Butler,French Polynesia,None
P00087,Sarah Compton,Singapore,Gold
P00088,Cynthia Hancock,Turks and Caicos Islands,None
P00089,Stephen Yang,Korea,Gold
P00090,Kelly Cook,Guam,Silver
P00091,Dennis Bryan DDS,Malta,Silver
P00092,James Martin,Isle of Man,Platinum
P00093,Cynthia Blair,Liechtenstein,Gold
P00094,Tom Olson,Greenland,Gold
P00095,Steve Guzman,Sudan,Gold
P00096,Michael Patrick,Ethiopia,Silver
P00097,Andrew Owens,Maldives,Gold
P00098,Brian Osborne,Trinidad and Tobago,Platinum
P00099,Kyle Anderson,Gabon,Platinum
P00100,Michael Banks,Kenya,None
P00101,Richard Waters,Somalia,None
P00102,Antonio Haynes,Martinique,Silver
P00103,Taylor Santos,Grenada,Gold
P00104,Michelle Phillips,Iran,Silver
P00105,Tina Hughes,Paraguay,Silver
P00106,Patrick Rosario,Grenada,Silver
P00107,Mrs. Shannon Forbes,Venezuela,Platinum
P00108,James Watson,Iraq,Platinum
P00109,Herbert Chen,Ukraine,Platinum
P00110,Stephanie Williams,Saudi Arabia,None
P00111,Alexander Meyer,Fiji,Platinum
P00112,Sherri Hall,Vanuatu,Platinum
P00113,Stacey Burton,Qatar,None
P00114,Kelly Hunter,American Samoa,Silver
P00115,Brianna Snow,Croatia,Platinum
P00116,Bradley Garcia,Tajikistan,None
P00117,Jason Moore,United States of America,Gold
P00118,Raven Jordan,Rwanda,Silver
P00119,Jonathan Shields,Lao People's Democratic Republic,Platinum
P00120,David Gomez,Sao Tome and Principe,Platinum
P00121,Michael Reed,French Southern Territories,None
P00122,Ronald Hall,Iraq,None
P00123,Kyle Thomas,Japan,Platinum
P00124,Matthew Dennis,Saint Vincent and the Grenadines,Gold
P00125,Nicole Carter,Saint Vincent and the Grenadines,Gold
P00126,Tasha Hall,Sweden,Platinum
P00127,Jesse Woods,Togo,None
P00128,Deanna Johnson,Vanuatu,Platinum
P00129,George Woodward,Suriname,Silver
P00130,Shawn Tran,Pitcairn Islands,None
P00131,Kevin Miller,Bulgaria,Silver
P00132,Elizabeth Bennett,Uruguay,None
P00133,Calvin Walker,Christmas Island,Platinum
P00134,Cynthia White,Lesotho,Platinum
P00135,Matthew Callahan,Comoros,Gold
P00136,Jennifer Park,Zambia,None
P00137,Edwin Butler,Chile,Silver
P00138,Leslie Evans,Nigeria,None
P00139,David Chen,Wallis and Futuna,None
P00140,Kendra Bennett,Uzbekistan,None
P00141,Victor Valenzuela,Congo,Silver
P00142,Jacob Farley,Belarus,None
P00143,Cody Rodriguez,Trinidad and Tobago,Silver
P00144,Larry Moore,Venezuela,Gold
P00145,Tanya Lopez,Faroe Islands,Gold
P00146,Christopher Chung,Macao,Silver
P00147,Joseph Kelly,Tajikistan,None
P00148,Angelica Fischer,Madagascar,Platinum
P00149,Ronald Cole,Central African Republic,Platinum
P00150,Daniel Wilson,Namibia,None
P00151,Elizabeth Lynch,Timor-Leste,None
P00152,Paul Davis,Colombia,Gold
P00153,Dr. Joshua Sullivan DDS,Panama,Platinum
P00154,Devin Barnett,Libyan Arab Jamahiriya,None
P00155,James Zamora,British Virgin Islands,Gold
P00156,Jill Francis,Liberia,Silver
P00157,Seth Chambers,Vietnam,Gold
P00158,Bradley Jones,Egypt,None
P00159,Joseph Wilson,Jordan,Silver
P00160,Stephanie Gill,Colombia,Gold
P00161,Scott Campbell,Brazil,None
P00162,Joseph Clark,Tajikistan,None
P00163,Tyler Stephens,Wallis and Futuna,None
P00164,Sue Ramirez,Austria,Silver
P00165,Keith Taylor,Maldives,Gold
P00166,Bryan Morales,Argentina,Gold
P00167,Justin Evans,Reunion,Gold
P00168,Natalie Robinson,Saint Pierre and Miquelon,None
P00169,Jonathan Vasquez DVM,Bermuda,Platinum
P00170,Charles Simpson,Somalia,Platinum
P00171,Cindy Kelly,San Marino,Platinum
P00172,Willie Mathis,Saint Kitts and Nevis,Gold
P00173,Melissa Miller,Bhutan,Silver
P00174,Tammy Foster,Turks and Caicos Islands,Silver
P00175,Brian Smith,Wallis and Futuna,Platinum
P00176,Martin Carter,Nauru,Gold
P00177,Brenda Berry,Burundi,None
P00178,Jeffrey Moran,Cameroon,Silver
P00179,Gary Wong,Mongolia,Silver
P00180,Brittany Fitzpatrick,Cote d'Ivoire,Gold
P00181,Eugene Clark,Oman,Gold
P00182,Gregory Lucero,Guinea-Bissau,Gold
P00183,John Blair,Haiti,Gold
P00184,Jessica Harris,Bolivia,None
P00185,Susan Johnson,Bhutan,Gold
P00186,Shelby Cox,Honduras,None
P00187,Megan Hall,Liechtenstein,None
P00188,Brandon Melton,Brunei Darussalam,Gold
P00189,Patricia Andrade,Grenada,Silver
P00190,Anthony Terry,Montserrat,Silver
P00191,Mariah Payne,Uganda,Gold
P00192,Jessica Gibson,Mali,Gold
P00193,John Rogers,Costa Rica,Platinum
P00194,Anthony Bailey,New Caledonia,Silver
P00195,Adam Brown,Czech Republic,Gold
P00196,Daniel Franklin,Serbia,None
P00197,Connie Lee,Nepal,Platinum
P00198,Lisa Miller,Montenegro,Silver
P00199,Joshua Barry,Kenya,None
P00200,Joseph Lee,Netherlands,Gold
P00201,Sergio Reed,France,Silver
P00202,Danielle Daniel,Bhutan,None
P00203,Jose Cruz,Burundi,Gold
P00204,Dr. David Torres,Italy,Platinum
P00205,Alexandra Simpson,Taiwan,Gold
P00206,Thomas Jenkins,Bhutan,Gold
P00207,Jeremiah Miller II,San Marino,Platinum
P00208,Brittany Henson,United Kingdom,None
P00209,Lonnie Meyers,Comoros,None
P00210,Stacie Foster,Wallis and Futuna,Platinum
P00211,Danielle Robinson,Saint Barthelemy,Platinum
P00212,Diana Bell,Bulgaria,Gold
P00213,Ashley Lam DDS,Christmas Island,Gold
P00214,Michelle Waters,Uzbekistan,None
P00215,Julia Walters,Portugal,Platinum
P00216,Alan Mendez,Ethiopia,None
P00217,Carrie Perry,Falkland Islands (Malvinas),Platinum
P00218,Shawn Osborn,Somalia,Platinum
P00219,Joseph Patterson,Philippines,None
P00220,James Nelson,Greece,Gold
P00221,Krystal Hall,Chile,Gold
P00222,Kimberly Campbell,Kiribati,Silver
P00223,Stephanie Brown,Russian Federation,Silver
P00224,Garrett Brooks,Guadeloupe,Platinum
P00225,Mr. Chad Smith,Mayotte,None
P00226,Holly Walters,Bolivia,None
P00227,Sherri Moore,Saudi Arabia,None
P00228,William Taylor,Bermuda,Silver
P00229,Thomas Crawford,Indonesia,Silver
P00230,Tracy Young,Algeria,None
P00231,David Cruz,Bahamas,Platinum
P00232,Brandi Jimenez,Comoros,None
P00233,Lisa Johnson,Guam,None
P00234,Katherine Parker,Jordan,Platinum
P00235,Kristi Martin,Turks and Caicos Islands,Gold
P00236,Rhonda Mclaughlin,Egypt,Platinum
P00237,Michele Miller,Spain,Platinum
P00238,James Lee,Greenland,Silver
P00239,Eddie Acevedo,Vanuatu,Platinum
P00240,Ethan Burgess,Japan,None
P00241,Scott Barnett,Namibia,Gold
P00242,Courtney Cooper,British Virgin Islands,Silver
P00243,Alan Berry,Greenland,Gold
P00244,Mark Gomez,Bahrain,Silver
P00245,Antonio Allen Jr.,Liberia,Platinum
P00246,Erin Nicholson,New Caledonia,Silver
P00247,Matthew Taylor,Lithuania,Gold
P00248,Joann Thomas,French Southern Territories,None
P00249,Matthew Chandler,Ecuador,None
P00250,Jennifer Smith,Hungary,None
P00251,Kimberly Ballard,Tunisia,Platinum
P00252,Dr. Olivia Cunningham,Rwanda,Silver
P00253,Troy Jackson,Bahamas,None
P00254,Lisa Stanley,Guatemala,Platinum
P00255,Melissa Miller,Greenland,Platinum
P00256,Ronald Thompson,Chile,Gold
P00257,Tina Kemp,Benin,Silver
P00258,Sara Hoffman,Monaco,None
P00259,Jessica Hancock,Falkland Islands (Malvinas),Silver
P00260,Mark Mckinney,Western Sahara,Silver
P00261,Amanda Peterson,Kuwait,None
P00262,Jamie Garrett,Albania,Silver
P00263,Kathleen Howard,Somalia,Platinum
P00264,Judith Romero,Sudan,Platinum
P00265,Paul Morgan,Niger,Gold
P00266,Terry Smith,Niue,Silver
P00267,Donna Harrison,Cayman Islands,None
P00268,Joseph Arnold,Togo,Platinum
P00269,Amanda Foster,Cambodia,Silver
P00270,Gregory Williams,Saint Pierre and Miquelon,Platinum
P00271,Zachary King,Moldova,Platinum
P00272,Michele Hickman,Montenegro,Platinum
P00273,Pamela Farmer DDS,Guadeloupe,Gold
P00274,Ruben King,Pitcairn Islands,Platinum
P00275,William Ballard,Samoa,Platinum
P00276,Dana Craig,Korea,Silver
P00277,Sheri Martin,Tanzania,Silver
P00278,Brittany Mathis,Trinidad and Tobago,None
P00279,Lauren Williams,Puerto Rico,Gold
P00280,Gregory Carter,Bangladesh,Gold
P00281,Johnny Powell,Somalia,Gold
P00282,Christopher Kramer,Iceland,None
P00283,Jessica Peterson,Svalbard & Jan Mayen Islands,Silver
P00284,Nathan Browning,Faroe Islands,Gold
P00285,Mary Scott,Lao People's Democratic Republic,Silver
P00286,Andrea Boyle,Finland,Platinum
P00287,Ronald Moreno,Antarctica (the territory South of 60 deg S),Gold
P00288,Mark Riley,Iraq,Platinum
P00289,Lynn Daniels,Togo,None
P00290,Jeffrey Collins,Anguilla,None
P00291,Richard Weiss,Sudan,None
P00292,David Rose,United Kingdom,None
P00293,Gordon Thornton,Korea,Silver
P00294,Charles Smith,Sudan,Silver
P00295,Rachel Miles,Bouvet Island (Bouvetoya),None
P00296,Janet Marshall,Bulgaria,Gold
P00297,Thomas Fields,Sri Lanka,None
P00298,Paige Yoder,Svalbard & Jan Mayen Islands,Platinum
P00299,William Moore,French Southern Territories,Gold
P00300,Henry Graves,Greenland,Silver
P00301,Nicolas Duncan,French Southern Territories,Silver
P00302,Cody Chang,New Caledonia,Platinum
P00303,Kenneth Young,Cape Verde,Gold
P00304,Sharon Jacobson,Liechtenstein,Platinum
P00305,Ashlee Lopez,South Georgia and the South Sandwich Islands,None
P00306,Austin Simmons,Kenya,None
P00307,Dillon Kim,Albania,None
P00308,Heather Murphy,New Caledonia,Platinum
P00309,Johnathan Farmer,Greece,Silver
P00310,James Graham,United States of America,Gold
P00311,Megan Terry,Cape Verde,Platinum
P00312,Lauren Gomez,Israel,Platinum
P00313,Kristy Ramirez,Sri Lanka,Platinum
P00314,Jennifer Mccall,Anguilla,Silver
P00315,Brad Hancock,French Southern Territories,None
P00316,Benjamin Love,Thailand,None
P00317,Kaitlin Edwards,Christmas Island,Silver
P00318,Tiffany Johnson,Zambia,Gold
P00319,Calvin Haney,Morocco,Gold
P00320,Jennifer Thomas,Sri Lanka,Gold
P00321,Sean Dixon,Sudan,None
P00322,Steven Lozano,Cayman Islands,Platinum
P00323,Michelle Cummings,Belgium,Gold
P00324,Kelly Colon,Italy,Gold
P00325,Melissa Hughes,Tonga,Platinum
P00326,Robert Hess,Saudi Arabia,Platinum
P00327,Christopher Baker,Malaysia,Platinum
P00328,Erin Erickson,Tonga,None
P00329,Kelly Bryant,Korea,Silver
P00330,Nicole Cole,Trinidad and Tobago,Silver
P00331,Mark Thompson,Suriname,Silver
P00332,Stephanie Stewart,Uzbekistan,Gold
P00333,Cheryl Gibbs,Martinique,Gold
P00334,Robin Boyd,Norway,None
P00335,Susan Taylor,Slovakia (Slovak Republic),None
P00336,Amy Miller,Burundi,Platinum
P00337,April Hampton,United States of America,Platinum
P00338,Lawrence Hudson,Italy,Silver
P00339,James Cox,Swaziland,Platinum
P00340,Mallory Taylor,Guadeloupe,None
P00341,Catherine Martinez,Bulgaria,Silver
P00342,Lawrence Williams,Puerto Rico,Gold
P00343,Melissa Robles,Venezuela,Platinum
P00344,Lindsay Bauer,Monaco,None
P00345,Thomas Mcintosh,Guyana,Platinum
P00346,Jeremiah Munoz,Nauru,Platinum
P00347,Dawn Collins,Chile,Platinum
P00348,Jody White,Suriname,None
P00349,Dennis Avery,Belize,None
P00350,Brent Johnson,Bermuda,Platinum
P00351,Jared Vaughn,Ecuador,Silver
P00352,Erica Gibbs,Bouvet Island (Bouvetoya),None
P00353,Melissa Alvarez,Cook Islands,None
P00354,Kimberly Morales,Lesotho,Silver
P00355,Tammy Johnson,United Kingdom,Gold
P00356,Sara Miller,Saint Barthelemy,None
P00357,Brett Donaldson,Tanzania,Gold
P00358,Jose Ballard,Palau,Silver
P00359,April Morgan,Western Sahara,Platinum
P00360,Melissa Martin,Congo,Platinum
P00361,Caitlin Frazier,Antarctica (the territory South of 60 deg S),None
P00362,Taylor Murphy,South Africa,None
P00363,Tyler Garrett,Togo,Platinum
P00364,Darrell Reid,Honduras,Gold
P00365,Vincent Bell,Greenland,None
P00366,Jason Cox,Estonia,Gold
P00367,Jasmine Townsend,Guinea,Silver
P00368,Kevin Mcdaniel,Nauru,Platinum
P00369,Carolyn Hernandez,El Salvador,Gold
P00370,Frank Smith,Kenya,None
P00371,Timothy Berry,United States of America,Silver
P00372,Christian Buchanan,Maldives,None
P00373,Jennifer Bradley,San Marino,Platinum
P00374,Michelle Nielsen,Yemen,Platinum
P00375,Daniel Morales,Argentina,Gold
P00376,Keith Bell,Georgia,Silver
P00377,Steven Sanchez,Tunisia,Platinum
P00378,Thomas Allen,Kiribati,Gold
P00379,Dr. Benjamin King,Jersey,None
P00380,Joseph Daniels,United States Minor Outlying Islands,None
P00381,Penny Mcdowell,Tanzania,None
P00382,Levi Dillon,Czech Republic,Platinum
P00383,Mark Ferguson,Turkey,Gold
P00384,Brianna Long,Saudi Arabia,None
P00385,Monica Bray,Saint Pierre and Miquelon,Silver
P00386,Brian Murray,Samoa,Silver
P00387,Christopher Wells,Lebanon,None
P00388,Thomas Hancock,American Samoa,Platinum
P00389,Ashley Richardson,Mali,Gold
P00390,Hunter Kennedy,Svalbard & Jan Mayen Islands,None
P00391,Amy Wiley,Nepal,Silver
P00392,Nathaniel Nguyen,Saint Lucia,Platinum
P00393,Andrew Arnold,Indonesia,Platinum
P00394,Jason Brooks,Rwanda,None
P00395,Chad Rodriguez,South Georgia and the South Sandwich Islands,None
P00396,Andre Ray,Timor-Leste,Platinum
P00397,Martin Mann,Sudan,None
P00398,Jeffery Barber,Guadeloupe,None
P00399,Christian Martin,Croatia,Platinum
P00400,Chad Snyder,Zimbabwe,Silver
P00401,Lisa Roberts,Mongolia,None
P00402,Melinda Lang,Guernsey,Platinum
P00403,Sara Ayala,French Polynesia,Platinum
P00404,Christopher Burton,Spain,Platinum
P00405,Kim Thomas,Central African Republic,None
P00406,Patrick Peters,Christmas Island,Platinum
P00407,Thomas Gray,Saint Kitts and Nevis,Gold
P00408,John Torres,Saint Barthelemy,Gold
P00409,Jared Davis,Fiji,None
P00410,Brittany Silva,Cook Islands,Gold
P00411,Veronica Keith,Sudan,None
P00412,Richard Wolfe,Yemen,None
P00413,Lindsey Palmer,British Indian Ocean Territory (Chagos Archipelago),Gold
P00414,Nicholas Jackson,Guinea,None
P00415,Andrew Wilson,Saint Pierre and Miquelon,Gold
P00416,Nathan Flores,Honduras,Gold
P00417,Jackie Horton,Cape Verde,Silver
P00418,Robin Perez,Gabon,None
P00419,Juan Kline,Sudan,Silver
P00420,Katie Blackwell,Equatorial Guinea,Gold
P00421,Mason Jackson,Russian Federation,None
P00422,Jennifer Guerrero MD,Nigeria,Silver
P00423,Deborah Matthews,Sweden,Silver
P00424,Carolyn Alexander,Chad,None
P00425,James Lang,Tonga,Silver
P00426,Jennifer Hall,Iraq,None
P00427,Amanda Harvey,Antarctica (the territory South of 60 deg S),None
P00428,Jordan Pierce,Papua New Guinea,Gold
P00429,Derek Hall,Zambia,Gold
P00430,Eric Lynch,United States of America,None
P00431,Joyce Rivers,Swaziland,Silver
P00432,Keith Ortiz,Belarus,Silver
P00433,John Olsen,Swaziland,Silver
P00434,Ian Davis,Colombia,Platinum
P00435,Amy Wade,Vanuatu,None
P00436,Christina Johnson,Iceland,Platinum
P00437,Michael Guzman,Isle of Man,Gold
P00438,Ashley Kennedy,Belgium,Gold
P00439,Richard Brennan,Belarus,Silver
P00440,Dana Jimenez,Philippines,None
P00441,Mrs. Alexa Kelly,Montenegro,Silver
P00442,Tammy Davis,Egypt,Gold
P00443,Jay Stevenson,Mauritania,Gold
P00444,Shannon Thomas,Bangladesh,Platinum
P00445,Curtis Parsons,Cuba,Gold
P00446,Rachael Campbell,Gibraltar,Gold
P00447,Sandra Wilson,Samoa,Gold
P00448,Sean Perez,Korea,Silver
P00449,Lynn Howard,Moldova,None
P00450,William Saunders,Saint Barthelemy,None
P00451,Diane Garcia,New Caledonia,Gold
P00452,Barbara Moore,South Africa,Silver
P00453,Natalie Spears,Bolivia,Platinum
P00454,Darryl Becker,Sierra Leone,Silver
P00455,Julie Murray,Chile,Silver
P00456,Yvonne Poole,Sudan,Silver
P00457,James Collins,Ukraine,Gold
P00458,Joseph Smith,Cayman Islands,Silver
P00459,James Dodson,Seychelles,Silver
P00460,Jessica Williams,New Caledonia,Silver
P00461,Jennifer Baker,Namibia,Gold
P00462,Cassandra White,New Caledonia,Gold
P00463,Alyssa Benton,Australia,Platinum
P00464,Joseph Anderson,Tunisia,None
P00465,Lisa Gaines,Kazakhstan,Silver
P00466,John Abbott,Singapore,None
P00467,Lisa Perry,Eritrea,Platinum
P00468,Tammy Perez,Croatia,None
P00469,John Smith,Mauritania,None
P00470,William Williams,Bahamas,Silver
P00471,Alyssa Reed,Lithuania,Platinum
P00472,George Gibson,Barbados,Gold
P00473,Jose King,Andorra,Platinum
P00474,Brian Johnson,Pakistan,Silver
P00475,Raymond Taylor,Australia,Platinum
P00476,William Flores,Nepal,Gold
P00477,Jonathan Hansen,Comoros,Gold
P00478,Karen Hicks,Chile,None
P00479,Christopher Kelley,Lithuania,Silver
P00480,David Miller,Saudi Arabia,Platinum
P00481,Samantha Boyer,Palestinian Territory,Gold
P00482,Gregory Rowe,Cook Islands,None
P00483,Jeremy Barron,Mali,Platinum
P00484,Tina Rowe,French Guiana,Platinum
P00485,David Woods,Morocco,None
P00486,Jeremy Ward,Saint Vincent and the Grenadines,Platinum
P00487,Dr. Charles Decker,Montenegro,Gold
P00488,Chelsea Cantu,Benin,Platinum
P00489,Barbara Brown,Canada,Silver
P00490,George Howell,Holy See (Vatican City State),Gold
P00491,Steven Myers,Tanzania,Gold
P00492,Jon Jackson,Mayotte,Platinum
P00493,Travis Barton,Sri Lanka,None
P00494,Peter Gallegos,Somalia,Silver
P00495,Garrett Stone,Afghanistan,None
P00496,Sarah Aguilar,Turks and Caicos Islands,Gold
P00497,Michael Snyder,Niger,None
P00498,Tanya George,Grenada,Silver
P00499,John Munoz,Palau,Platinum
P00500,Nicholas Smith,Georgia,Platinum
P00501,David Sawyer,Uganda,Silver
P00502,Mary Rodriguez,Mayotte,Platinum
P00503,Kelli Middleton,Somalia,Platinum
P00504,Donna Vega,Czech Republic,Silver
P00505,Corey Watson PhD,Mozambique,Silver
P00506,Jeanette Branch,Gabon,Platinum
P00507,William Jones,American Samoa,Gold
P00508,Brian Moore,Montserrat,Silver
P00509,Tiffany Zimmerman,Isle of Man,Gold
P00510,Jacob Williams,Guinea,Platinum
P00511,Brandon Gutierrez,Barbados,None
P00512,Rachel Fernandez,Greenland,Platinum
P00513,Tonya Barnett,Fiji,Silver
P00514,Susan Parker,Sweden,Gold
P00515,Andrea Jacobs,Seychelles,None
P00516,Nicole Harris,Guatemala,Platinum
P00517,Heather Miller,Swaziland,Platinum
P00518,Robert Austin,Bolivia,None
P00519,Leah Mullen,French Southern Territories,Silver
P00520,John Rodriguez,Mongolia,Gold
P00521,Shawn Pollard,Canada,None
P00522,Paul Pennington,Guinea,Gold
P00523,Kevin Walls,Argentina,Silver
P00524,Ethan Silva,Saint Kitts and Nevis,Platinum
P00525,Dr. Joseph Graham,American Samoa,Platinum
P00526,Shane Wilson,Taiwan,None
P00527,Taylor Anderson,Norway,Platinum
P00528,Andre Thornton,Nepal,Silver
P00529,Mark Baker,United States of America,Platinum
P00530,Eddie Jensen,Svalbard & Jan Mayen Islands,Gold
P00531,Natasha Weaver,Iran,None
P00532,Jose Smith,Algeria,None
P00533,Sabrina Walsh,Jersey,Gold
P00534,Chad Forbes,Djibouti,None
P00535,Justin Moses,Swaziland,None
P00536,Darlene Garcia,Jersey,Gold
P00537,Zachary Anderson,Montenegro,Platinum
P00538,Ryan Walker,Lao People's Democratic Republic,Platinum
P00539,Russell Robinson,French Polynesia,Platinum
P00540,Matthew Hall,Suriname,None
P00541,Michael Gonzales,Albania,Gold
P00542,Nathan Kline,China,Gold
P00543,Kimberly Gonzalez,Portugal,Gold
P00544,Erik Anderson,Montserrat,Silver
P00545,Paula Smith,Korea,None
P00546,Erin Brennan,Mauritania,None
P00547,Erica Miller,Bangladesh,None
P00548,Robert Jackson,Oman,Gold
P00549,Dakota Spencer,Singapore,Gold
P00550,Ann Shaw,American Samoa,Gold
P00551,Barbara Watkins,Paraguay,None
P00552,Fred Phillips,Aruba,Silver
P00553,Megan Mitchell,South Georgia and the South Sandwich Islands,Silver
P00554,Adam Singleton,Bermuda,None
P00555,William Edwards,Brunei Darussalam,Platinum
P00556,Martha Mitchell,India,Gold
P00557,Danielle Beasley,Hungary,Gold
P00558,Debbie Brown,Netherlands Antilles,Silver
P00559,Douglas Perez,China,Silver
P00560,Susan Patel,Saint Martin,None
P00561,Michelle Henderson,Cyprus,Platinum
P00562,Anthony Mccarthy,Pakistan,Platinum
P00563,Andre Miller,Mexico,Gold
P00564,Clayton Anderson,Botswana,Gold
P00565,Steven Cox,Antarctica (the territory South of 60 deg S),Platinum
P00566,Joseph Porter,Tonga,Gold
P00567,Jeffrey Terry,Armenia,Silver
P00568,Carly Eaton,India,Silver
P00569,Christina Hernandez,Iraq,None
P00570,Rachel Lopez,Suriname,None
P00571,Ms. Catherine Lin,Finland,Platinum
P00572,Tammy Thornton,Chile,Platinum
P00573,Peter Anderson,Tajikistan,Platinum
P00574,Melanie Mcgee,Hong Kong,Silver
P00575,Patricia Lindsey,Anguilla,Gold
P00576,Michelle Smith,Paraguay,Gold
P00577,Taylor Gonzalez,Ghana,Platinum
P00578,James Hughes,Norfolk Island,Platinum
P00579,Joseph Garcia,Italy,Silver
P00580,Kim Nolan,Maldives,Platinum
P00581,Alexandra Burgess,Cook Islands,Platinum
P00582,James Craig,Uzbekistan,Gold
P00583,Dr. Mary Scott,Malaysia,Platinum
P00584,Philip Willis,Sudan,None
P00585,Shannon Gill,Guinea-Bissau,Platinum
P00586,Robert Steele,Nepal,Gold
P00587,Michael Prince,Ecuador,Silver
P00588,Linda Beard,Philippines,Platinum
P00589,Kyle Bell,Antigua and Barbuda,None
P00590,Ronald Evans,Israel,Silver
P00591,Dawn Johnson,Lithuania,None
P00592,Taylor Foley,Malaysia,Gold
P00593,Gina Turner,Norfolk Island,Platinum
P00594,Robert Pace,Australia,Platinum
P00595,Evelyn Castaneda,Taiwan,None
P00596,Jennifer Morales,Switzerland,None
P00597,Elizabeth Briggs,Cook Islands,None
P00598,Cynthia Reynolds,Guadeloupe,Platinum
P00599,Christopher Taylor,Kuwait,None
P00600,Nicole Schmidt,Saint Lucia,Gold
P00601,Sara Holland,Colombia,None
P00602,Deanna Turner,Montenegro,None
P00603,Kelsey Clarke,Congo,None
P00604,David Vazquez,Croatia,Gold
P00605,Kyle Foley,Argentina,Gold
P00606,Terri Petersen,Cook Islands,Silver
P00607,Steven Montgomery,British Indian Ocean Territory (Chagos Archipelago),Silver
P00608,Mary Lynch,French Polynesia,Gold
P00609,Michael Douglas,Saudi Arabia,Silver
P00610,Thomas Jackson,Gibraltar,None
P00611,Tonya Young,Greenland,Platinum
P00612,Nancy Garrison,Saint Martin,Platinum
P00613,Jeffrey Wilson,Gambia,Gold
P00614,Christopher Wheeler,South Africa,Platinum
P00615,Oscar Harrell,Cambodia,Silver
P00616,Francisco Flynn,Cocos (Keeling) Islands,Gold
P00617,Chris Vargas MD,Morocco,Platinum
P00618,Susan Perez,Saint Helena,Platinum
P00619,Jeffrey Munoz,Israel,Silver
P00620,Mariah Taylor,Falkland Islands (Malvinas),Platinum
P00621,Eric Schultz,Azerbaijan,Silver
P00622,Samantha Lopez,Western Sahara,Gold
P00623,Wesley Stewart,Hong Kong,Silver
P00624,Nicole Tucker,South Georgia and the South Sandwich Islands,Silver
P00625,Dr. Derrick Brewer,Sri Lanka,Silver
P00626,Paul Villanueva,Bouvet Island (Bouvetoya),Platinum
P00627,Kristin Sullivan,Saudi Arabia,Gold
P00628,Michael Lawson,Montenegro,Platinum
P00629,Cameron Sandoval,Somalia,Platinum
P00630,Rachel Silva,Togo,Platinum
P00631,Cody Stuart,United States Virgin Islands,Platinum
P00632,Nicholas Cohen,Luxembourg,Silver
P00633,Donald Rodriguez,Central African Republic,Silver
P00634,Roger Pham,Somalia,Platinum
P00635,Lawrence Beltran,Hong Kong,Silver
P00636,Stacy Russell,Solomon Islands,None
P00637,Karen Johnson,Cyprus,Platinum
P00638,Brenda Warner,Ireland,None
P00639,Nicole Perez,Serbia,Silver
P00640,Thomas Orr,Iceland,None
P00641,Richard Anderson,Brunei Darussalam,Silver
P00642,Elizabeth Sullivan,Monaco,Gold
P00643,Sandra Payne,Norfolk Island,None
P00644,Jill Daniels,Kenya,Silver
P00645,Stephanie Newman,Turks and Caicos Islands,Silver
P00646,Caroline Davis,Nigeria,Gold
P00647,Derek Lewis,Portugal,None
P00648,Sharon Atkins,Suriname,Gold
P00649,Paula Walter,Guyana,Gold
P00650,Brittany Thomas,Uruguay,Platinum
P00651,Brandy Carney,Aruba,Platinum
P00652,Abigail Hoover,Norway,None
P00653,Erin Potter,Nicaragua,Platinum
P00654,Daniel Hayes,Malta,Platinum
P00655,Julie Fox,Denmark,Platinum
P00656,Jeffrey Frank,Cuba,Gold
P00657,Kristen Stone,Malaysia,Platinum
P00658,Briana Ross,Iran,Silver
P00659,Emily Suarez,Libyan Arab Jamahiriya,Gold
P00660,Andrew Newman,Czech Republic,Gold
P00661,Barry Adams,Montserrat,None
P00662,Todd Booth,Saint Lucia,None
P00663,Kevin Flores,Belgium,None
P00664,Lisa Hunt,Mauritius,Silver
P00665,Jonathan Hardy,Bouvet Island (Bouvetoya),Gold
P00666,Holly Sparks,Cape Verde,None
P00667,Kenneth Alvarez,Turkmenistan,Gold
P00668,Randall Sanchez,Chad,None
P00669,Jordan Villegas,Gabon,Silver
P00670,Amanda Diaz,Antarctica (the territory South of 60 deg S),None
P00671,John Avila,Ghana,Platinum
P00672,Jennifer Shepherd,Brazil,Silver
P00673,Martha Woods,Bulgaria,Platinum
P00674,Hailey Lang,Niger,Silver
P00675,Molly Weeks,Northern Mariana Islands,Platinum
P00676,Karen Barrett,Marshall Islands,Silver
P00677,Sandra Dominguez,Niger,Gold
P00678,Lauren Lewis,Somalia,None
P00679,Jesse Dean,Cocos (Keeling) Islands,None
P00680,Megan Carr,Mayotte,Gold
P00681,Garrett Jordan,Israel,Gold
P00682,Sharon Thomas,Equatorial Guinea,Platinum
P00683,David James,American Samoa,Gold
P00684,David Allen,Serbia,Gold
P00685,Tanya Watson,Solomon Islands,None
P00686,Kyle Hanson,Haiti,None
P00687,David Anthony,Burundi,Silver
P00688,Christopher Bush,Aruba,Gold
P00689,Stephanie Griffin,Malaysia,None
P00690,Christopher Howard,Cuba,Silver
P00691,Robert Fernandez,Saint Barthelemy,Gold
P00692,Elizabeth Hill,Kenya,Silver
P00693,Ryan Stewart,Papua New Guinea,Silver
P00694,Corey Gonzalez,New Zealand,Gold
P00695,Sarah Ellis,Faroe Islands,Gold
P00696,Dwayne Tucker,Slovakia (Slovak Republic),Gold
P00697,Sarah Newton,Israel,Platinum
P00698,Melissa Brown,Tokelau,Gold
P00699,Stephanie Cook,Vietnam,Platinum
P00700,Derek Cortez,Singapore,Gold
P00701,Joshua Perry,Bahamas,Silver
P00702,Jaime Shah,Sao Tome and Principe,None
P00703,Bobby Beltran,Egypt,Gold
P00704,Katie Smith,Namibia,None
P00705,Kayla Sosa,Ethiopia,None
P00706,Wendy Santana,Congo,Platinum
P00707,Andrew Davis,Guadeloupe,Platinum
P00708,Emily Cabrera,Papua New Guinea,Platinum
P00709,Michelle Barton,Bosnia and Herzegovina,None
P00710,Tammy Carr,Puerto Rico,Platinum
P00711,Sierra Ramirez,Taiwan,Platinum
P00712,Clinton Bean,Ethiopia,Platinum
P00713,Shawn Scott,Liechtenstein,Platinum
P00714,Brianna Jensen,Holy See (Vatican City State),None
P00715,Chad Bridges,Switzerland,None
P00716,Tristan Gonzalez,French Polynesia,None
P00717,Heather Barrett,Azerbaijan,Silver
P00718,Nicole Figueroa,Estonia,None
P00719,Nathan Williamson,Qatar,Silver
P00720,Diana George,Botswana,Platinum
P00721,Steven Holloway,Guinea-Bissau,Silver
P00722,Megan Barnes,Finland,Platinum
P00723,Joshua Gordon,Congo,None
P00724,Mckenzie Bryant,United States Virgin Islands,Platinum
P00725,Jessica Shepard,Guam,Platinum
P00726,Denise Zimmerman,Djibouti,None
P00727,John Gomez,Dominican Republic,Silver
P00728,Diane Mitchell,Switzerland,Silver
P00729,Christopher Wilson,Cook Islands,Platinum
P00730,Marissa Black,Comoros,Silver
P00731,Seth Herman,Poland,Silver
P00732,Dennis Gross,Honduras,Gold
P00733,Rick Stevenson,British Virgin Islands,Gold
P00734,William Bennett,Martinique,Gold
P00735,Roy Price,El Salvador,Platinum
P00736,Kirsten Barton,Papua New Guinea,None
P00737,Laura Douglas,Chile,Gold
P00738,Jeremy Juarez,Guatemala,Silver
P00739,Christine Harris DVM,United Kingdom,Gold
P00740,James Hunter,India,Platinum
P00741,Matthew Johnson,Anguilla,Platinum
P00742,Brandon Gray,Turkey,Gold
P00743,Ronald Lewis,Martinique,Gold
P00744,John Lee,Paraguay,Silver
P00745,Kayla Munoz,Aruba,None
P00746,Kelly Oliver,Martinique,None
P00747,Sharon Durham,Jordan,None
P00748,Kaitlin Mccoy,Poland,Silver
P00749,Heather Baird,Bouvet Island (Bouvetoya),Platinum
P00750,Michaela Johnson,Equatorial Guinea,Silver
P00751,Daniel Fleming,Spain,Silver
P00752,Briana Chavez,Russian Federation,Gold
P00753,Donald Banks,Cook Islands,None
P00754,Oscar Giles,Malawi,Platinum
P00755,Elizabeth Lambert,French Southern Territories,None
P00756,Samantha Wood,Saint Pierre and Miquelon,None
P00757,Anita Callahan,Belize,Platinum
P00758,Shawn Vincent,United Arab Emirates,Gold
P00759,Mr. Ryan Wood,Bosnia and Herzegovina,None
P00760,Ashley Morris,Macao,Gold
P00761,Angela Mckee,Jamaica,Silver
P00762,Christina Phillips,Peru,Gold
P00763,Marilyn Rojas,Micronesia,Silver
P00764,Charles Jones,Guinea,Silver
P00765,Brittney Lopez,Christmas Island,None
P00766,Hannah Richards,Cameroon,Gold
P00767,Jessica Figueroa,South Georgia and the South Sandwich Islands,Gold
P00768,Christopher Alexander,British Virgin Islands,Silver
P00769,Jessica White,France,Gold
P00770,Paul Berry,Saint Martin,Platinum
P00771,Maria Garcia,Tanzania,Gold
P00772,Joseph Johnson DDS,South Georgia and the South Sandwich Islands,Silver
P00773,Angelica Underwood,Saint Vincent and the Grenadines,Silver
P00774,Dawn Hart,Senegal,None
P00775,David Martinez,French Polynesia,Gold
P00776,Tiffany Chan,China,Gold
P00777,Jonathan Mahoney,Libyan Arab Jamahiriya,None
P00778,Darrell Mann,United Arab Emirates,Silver
P00779,Shelby Lin,French Polynesia,Platinum
P00780,Sarah Cochran,Egypt,Silver
P00781,Cassandra Garcia,Wallis and Futuna,Silver
P00782,Marcus Ray,United States Virgin Islands,None
P00783,Jason Williams,Thailand,Silver
P00784,Ronald Hayes,Uzbekistan,Silver
P00785,David Russell,Mauritania,Platinum
P00786,Victoria Delgado,Mozambique,Silver
P00787,Brandon Le,Portugal,Silver
P00788,Joseph Chavez,Dominican Republic,Silver
P00789,Alexandra King,Belarus,Silver
P00790,Kimberly Anderson,Lesotho,Platinum
P00791,Keith Ferguson,South Georgia and the South Sandwich Islands,Gold
P00792,Curtis Davis,Congo,Silver
P00793,Debra Owen,Guinea-Bissau,Platinum
P00794,Reginald Miller,Japan,None
P00795,Alexander Church,Ethiopia,None
P00796,Mark Wise,Venezuela,Gold
P00797,Patricia Mcdonald,Greece,Platinum
P00798,Natasha Lee,Vanuatu,Platinum
P00799,Debra Franco,Tuvalu,Gold
P00800,Christina Beard,Bosnia and Herzegovina,None
P00801,Jared Franklin,Somalia,Silver
P00802,Shane Benson,Burundi,Silver
P00803,Dennis Mann,Kyrgyz Republic,Platinum
P00804,Mary Graham,Svalbard & Jan Mayen Islands,Platinum
P00805,Nathan Lee,Niue,Gold
P00806,Timothy Hayden,Guernsey,None
P00807,Hunter Le,Madagascar,Gold
P00808,Christopher Monroe,Bulgaria,Silver
P00809,Jeffrey Diaz,Bahrain,Platinum
P00810,Brandon Owen,Vietnam,Silver
P00811,Alan Lara,Seychelles,Gold
P00812,Jasmine Castillo,Kuwait,Gold
P00813,Nathan Henderson,Iran,Platinum
P00814,Elizabeth Jackson,Seychelles,None
P00815,Caleb Barnett,Liberia,Silver
P00816,Wayne Smith,Ghana,None
P00817,George Bradford,Swaziland,Gold
P00818,Stephen Duncan,New Zealand,Silver
P00819,Christopher Cole,Georgia,Gold
P00820,Aaron Rivera,Liberia,Platinum
P00821,Joshua Mason,Cambodia,Silver
P00822,Brandon Gardner,Finland,Gold
P00823,Antonio Mccall,Aruba,Gold
P00824,Christopher Martin,Isle of Man,Silver
P00825,Tanner Benson,Portugal,Gold
P00826,Ronald Johnson,South Georgia and the South Sandwich Islands,None
P00827,Tyler Garcia,Bahrain,Gold
P00828,Randy Clark,Kyrgyz Republic,None
P00829,Crystal Brewer,Nauru,Silver
P00830,Sara Lopez,Christmas Island,Gold
P00831,Alejandra Fisher,Bangladesh,None
P00832,Cynthia Reed,Serbia,Platinum
P00833,Mark Hines,Bouvet Island (Bouvetoya),None
P00834,Patrick Mckee,Trinidad and Tobago,None
P00835,Reginald Lopez,India,Silver
P00836,Joel Day,Djibouti,None
P00837,Marco David,French Guiana,None
P00838,David Hendrix,Niue,Silver
P00839,Joseph Santana,Botswana,Gold
P00840,James Graves,Jamaica,None
P00841,Casey Vasquez,Western Sahara,None
P00842,Rebecca Wiley,Niue,Gold
P00843,Craig Harris,Yemen,Platinum
P00844,Carlos Miller MD,Myanmar,Silver
P00845,Kristen Austin,French Polynesia,Silver
P00846,Jeffrey Stephens,Mauritius,Platinum
P00847,Grace Melendez,United States of America,Platinum
P00848,Edward Duran,Antarctica (the territory South of 60 deg S),Silver
P00849,Rebecca Cole,Mongolia,Gold
P00850,Diane Haas,Australia,Gold
P00851,James Gutierrez,Iraq,Silver
P00852,Melissa Bowman,Saint Vincent and the Grenadines,Gold
P00853,John Morales,Isle of Man,Platinum
P00854,Jeffrey Roberts,Malta,Platinum
P00855,Mr. Roger Hardin,Heard Island and McDonald Islands,None
P00856,Thomas Shannon,Denmark,Platinum
P00857,Tracy Bowen,Tuvalu,Gold
P00858,Joshua Torres,Singapore,Platinum
P00859,Laurie Barton,Ecuador,None
P00860,Jeff Benjamin,Central African Republic,None
P00861,Michael Branch,Palau,Platinum
P00862,Alexander Morgan,Pakistan,Platinum
P00863,Steven Wiley,Botswana,Silver
P00864,Cassandra Munoz,Zambia,None
P00865,William Smith,Brazil,Silver
P00866,Susan Shelton,Mauritania,Silver
P00867,Cassie Sanders,Netherlands,None
P00868,Joseph Moore,Cameroon,Gold
P00869,Steven Guerrero,French Polynesia,Silver
P00870,Nicholas Gross,Guinea-Bissau,Silver
P00871,James Willis,Libyan Arab Jamahiriya,Silver
P00872,Peter Jones,Malawi,None
P00873,Michelle Carter,Egypt,Silver
P00874,Jordan Parker,Jersey,Silver
P00875,Jamie Jones,Slovakia (Slovak Republic),None
P00876,Robert Davis,Canada,Platinum
P00877,Eric Smith,Venezuela,None
P00878,Brittney Wheeler,Netherlands Antilles,Platinum
P00879,Matthew Richards,Netherlands Antilles,Silver
P00880,Patrick Taylor,Turkmenistan,None
P00881,Michael Lawson,Colombia,Gold
P00882,Christina Garcia,Guam,Gold
P00883,Mr. John Heath,Cocos (Keeling) Islands,Platinum
P00884,Dr. Carol Garcia,Senegal,None
P00885,Monica Henderson,Palestinian Territory,None
P00886,Mark Mullen,Trinidad and Tobago,Platinum
P00887,Kristen Davis,Angola,None
P00888,Jamie Watson,Grenada,Gold
P00889,Kristina Armstrong,Canada,Gold
P00890,Eric Knight,Bosnia and Herzegovina,Silver
P00891,Larry Horn,Malaysia,Platinum
P00892,Nancy Dunlap,Germany,Silver
P00893,Alisha Smith,New Caledonia,Gold
P00894,Michael Clark,Uganda,Silver
P00895,Charlotte Poole,Egypt,Platinum
P00896,Mary Hill,Bosnia and Herzegovina,Gold
P00897,Charles Williams,Saint Pierre and Miquelon,Gold
P00898,Heather Burgess,Samoa,Platinum
P00899,Mark Shaw,Uganda,Platinum
P00900,Mark Flores DDS,Monaco,None
P00901,Melissa Gomez,Uzbekistan,Gold
P00902,Brian Hill,Bosnia and Herzegovina,Gold
P00903,Jasmine Kelly,Saint Pierre and Miquelon,Platinum
P00904,Crystal Johnson,Pitcairn Islands,None
P00905,Kimberly Osborne,Lesotho,Gold
P00906,Dennis Garner,Mali,None
P00907,Bobby Rogers,Nicaragua,Platinum
P00908,Raymond Adams,Qatar,Platinum
P00909,Vanessa Fuentes,Uzbekistan,None
P00910,Cassidy Wood,Venezuela,Platinum
P00911,Kelly Wilson,Lithuania,Gold
P00912,Seth Bishop Jr.,France,Platinum
P00913,Michael Williams,Grenada,None
P00914,Robert Moore,Turkmenistan,None
P00915,Jared Aguilar,Nicaragua,Gold
P00916,Suzanne Johnson,Bermuda,None
P00917,Shannon Lopez,Cote d'Ivoire,Gold
P00918,Mary Watkins,Armenia,Gold
P00919,Tracey Reed,North Macedonia,Silver
P00920,Ricky Barnes,Uzbekistan,Gold
P00921,Sean Perez,Iraq,Platinum
P00922,Shannon Trujillo,Eritrea,Gold
P00923,Stacy Winters,Malaysia,Silver
P00924,Kyle Estrada,Russian Federation,None
P00925,Lisa Snyder,Guam,Gold
P00926,Candice Shelton,Cyprus,Silver
P00927,Jeremy Yu,Namibia,Gold
P00928,Nicole King,United Kingdom,Silver
P00929,Brooke Carroll,Guam,Silver
P00930,William Lopez,Eritrea,Gold
P00931,Danielle Sanders DDS,Saint Kitts and Nevis,None
P00932,Erica Chandler,Slovenia,None
P00933,Bryan Jacobs III,Samoa,Silver
P00934,Jaime Palmer,Reunion,Gold
P00935,Mr. Travis Harris III,United Arab Emirates,Gold
P00936,Jennifer Johnson,Bahrain,Gold
P00937,Justin Crane,Spain,Gold
P00938,Robert Johnson,Switzerland,Gold
P00939,Jean Ferguson,Korea,Platinum
P00940,Kelly Peters,South Georgia and the South Sandwich Islands,Platinum
P00941,Stephanie Lane,Brunei Darussalam,Platinum
P00942,Nicole Lawson,Argentina,Silver
P00943,Jeffrey Robinson,Paraguay,None
P00944,Larry Fuller,Bhutan,Silver
P00945,Mrs. Sarah Dalton,Kazakhstan,None
P00946,Mrs. Tina King,Vietnam,Platinum
P00947,Joseph Mcbride,Russian Federation,Silver
P00948,Andrew Nielsen,Fiji,Gold
P00949,Robert Santos,Serbia,None
P00950,Elizabeth Anderson,Grenada,Platinum
P00951,Austin Morgan,Equatorial Guinea,Gold
P00952,John Miller,Kenya,Silver
P00953,Brenda Owens,Andorra,None
P00954,David Turner,Guam,Platinum
P00955,Sierra Durham,Saint Martin,Gold
P00956,Brian Garcia,Gibraltar,Silver
P00957,Elizabeth Parker,Northern Mariana Islands,Silver
P00958,Catherine Smith,Ecuador,None
P00959,Jennifer Chen,Suriname,Silver
P00960,Scott Acevedo,Guinea,None
P00961,Johnathan Bennett,Saint Martin,Platinum
P00962,Daniel Coleman,Guyana,Platinum
P00963,Debra Pacheco,Guinea-Bissau,Gold
P00964,Jack Marsh,United States of America,Gold
P00965,David Murray,Yemen,Gold
P00966,Gerald Robinson,Saint Barthelemy,None
P00967,Joshua Munoz,Honduras,Platinum
P00968,Carrie Guerrero,Cook Islands,Gold
P00969,Timothy Bates,Andorra,Gold
P00970,Mrs. Erica Murphy MD,India,Gold
P00971,April Barrett,Niue,Gold
P00972,Cody Abbott,Mozambique,Silver
P00973,Tyler Miller,Mauritania,Platinum
P00974,Debbie Thornton,Gambia,Silver
P00975,Patrick Myers,Iran,None
P00976,Mr. Charles Morse,South Africa,Silver
P00977,Bryan Powell,Netherlands,Platinum
P00978,Diana Ray,Angola,Gold
P00979,Samuel Yoder,Mayotte,Platinum
P00980,Jennifer Jackson,Timor-Leste,None
P00981,Derek Morgan,Turks and Caicos Islands,Platinum
P00982,Robert Green,British Indian Ocean Territory (Chagos Archipelago),Silver
P00983,Sydney Bryan,Germany,None
P00984,Mark Montoya,Anguilla,Gold
P00985,Megan Bryant,Jordan,Silver
P00986,Sandy Rivera,Cambodia,Silver
P00987,Richard Turner,Bermuda,Gold
P00988,Brenda Thompson,Syrian Arab Republic,Platinum
P00989,David Martinez,Brunei Darussalam,None
P00990,Jessica Ward,Australia,Silver
P00991,Frank Gonzalez,Palestinian Territory,Silver
P00992,Emily Crawford,United States Minor Outlying Islands,Gold
P00993,William Gates,Moldova,Silver
P00994,Victoria Humphrey,French Guiana,Platinum
P00995,Alicia Cohen,Congo,None
P00996,Denise Mason,Sao Tome and Principe,Platinum
P00997,Ashley Gonzales,Palau,Silver
P00998,Jesse Mcgrath,Guyana,Platinum
P00999,Kristine Mclaughlin,Ecuador,None
